盘号,KF,时码,完整 Image Prompt（直接复制到NanoBanana Pro）,Motion Prompt（图生视频，主Prompt，含SFX+VFX）,备注
1,1,00:00-00:02,"authentic VHS found-footage still frame, hyper-realistic, extremely detailed photorealistic, heavy analog film grain, strong horizontal scanlines, color bleed, tracking jitter, slight motion blur, cinematic VFX: sparks with motion blur, oil flying in extreme detail, screen tearing at edges, light flares and bloom, particle effects, cool desaturated blue-gray industrial tones with orange accent lights and red warning glows, gritty dark realistic pseudo-documentary, oppressive eerie biomechanical horror atmosphere, inspired by Prototype game dark tone + Poppy Playtime creepy factory aesthetic, decaying anonymous bubble-economy metropolis, old camcorder footage, no Japanese cultural elements whatsoever, no text except neon signs, cinematic composition black CRT monitor screen with flickering white Chinese characters ""第1盘 岸柏工业"" in retro digital font, strong VHS glitch distortion, horizontal scanlines rolling slowly, color bleed on edges, pure black background, static title card, bottom-right corner faint timecode overlay ""REC 00:00:01"", VFX: heavy glitch distortion and tracking error, brief color bar flash at start","static shot with heavy VHS flickering, scanline rolling, title jitter for 2 seconds, brief color bar flash then title appears, with synchronized SFX: VHS static crackle, electronic glitch beeps and tape hiss, faint magnetic head engagement click at start, no background music, no BGM",标题卡
1,2,00:02-00:05,"authentic VHS found-footage still frame, hyper-realistic, extremely detailed photorealistic, heavy analog film grain, strong horizontal scanlines, color bleed, tracking jitter, slight motion blur, cinematic VFX: sparks with motion blur, oil flying in extreme detail, screen tearing at edges, light flares and bloom, particle effects, cool desaturated blue-gray industrial tones with orange accent lights and red warning glows, gritty dark realistic pseudo-documentary, oppressive eerie biomechanical horror atmosphere, inspired by Prototype game dark tone + Poppy Playtime creepy factory aesthetic, decaying anonymous bubble-economy metropolis, old camcorder footage, no Japanese cultural elements whatsoever, no text except neon signs, cinematic composition wide establishing shot exactly matching the style and scale of the provided second industrial port reference image: huge decaying industrial factory complex at night next to water, heavy pouring rain, massive yellow gantry cranes and warehouses, stacked shipping containers in background, flickering faded orange-cyan industrial neon signs (no readable text or letters) on large gray-yellow warehouse facade, wet concrete and asphalt reflections with puddle ripples, dark gloomy overcast sky with low clouds, slight low-angle handheld shake, chain-link fence partially in foreground creating depth, VFX: rain streaks with motion blur, neon glow bloom, puddle reflection distortion","slow shaky handheld push-in from street level toward factory gate, rain streaks falling diagonally, camera occasionally wiping water droplets from lens, with realistic SFX: heavy pouring rain on metal roofs and concrete, neon sign electrical buzz and flicker, distant thunder rumble, wet pavement splashes from footsteps, chain-link fence rattle in wind, no background music, no BGM",外景
1,3,00:05-00:09,"authentic VHS found-footage still frame, hyper-realistic, extremely detailed photorealistic, heavy analog film grain, strong horizontal scanlines, color bleed, tracking jitter, slight motion blur, cinematic VFX: sparks with motion blur, oil flying in extreme detail, screen tearing at edges, light flares and bloom, particle effects, cool desaturated blue-gray industrial tones with orange accent lights and red warning glows, gritty dark realistic pseudo-documentary, oppressive eerie biomechanical horror atmosphere, inspired by Prototype game dark tone + Poppy Playtime creepy factory aesthetic, decaying anonymous bubble-economy metropolis, old camcorder footage, no Japanese cultural elements whatsoever, no text except neon signs, cinematic composition massive dimly lit factory hall interior with yellow structural beams and overhead cranes matching the provided industrial port reference, extremely long conveyor belt stretching into vanishing-point darkness, dozens of workers exactly matching the provided first worker reference character in hyper-realistic grimy style: mid-30s man with short gray hair, blue eyes, muscular arms, wearing dirty oil-stained yellow cargo overalls with multiple pockets and yellow suspenders over gray short-sleeve collared shirt, black leather belt with large silver buckle, black heavy boots, PLUS full industrial protective gear: yellow hard hats, safety goggles pushed up on foreheads, thick work gloves blackened with grease, dust masks hanging around necks, ear muffs, moving in unnatural perfectly synchronized repetitive loop like possessed machines repeating the exact same assembly motion over and over, eyes wide bloodshot and manic with collective insane devotion, synchronously assembling gigantic metallic mecha arm bones and torso frames in hypnotic endless cycle, bright welding sparks flying everywhere, overhead flickering fluorescent tubes with dead bulbs, oil-stained concrete floor, wide elevated angle shot from catwalk perspective, VFX: sparks with intense motion blur and light flares, welding arc glow on faces","slow pan left to right following the endless assembly line at steady pace, sparks trailing in slow motion arcs, slight zoom drift, with synchronized SFX: welding torches hissing and crackling in foreground, metal clanging and grinding in midground, hydraulic hisses and conveyor belt rumble in background, collective worker low guttural repetitive grunts and heavy synchronized breathing in perfect loop, distant overhead crane motor whine, no background music, no BGM",大全景（护具+重复疯狂）
1,4,00:09-00:13,"authentic VHS found-footage still frame, hyper-realistic, extremely detailed photorealistic, heavy analog film grain, strong horizontal scanlines, color bleed, tracking jitter, slight motion blur, cinematic VFX: sparks with motion blur, oil flying in extreme detail, screen tearing at edges, light flares and bloom, particle effects, cool desaturated blue-gray industrial tones with orange accent lights and red warning glows, gritty dark realistic pseudo-documentary, oppressive eerie biomechanical horror atmosphere, inspired by Prototype game dark tone + Poppy Playtime creepy factory aesthetic, decaying anonymous bubble-economy metropolis, old camcorder footage, no Japanese cultural elements whatsoever, no text except neon signs, cinematic composition extreme close-up of worker hands exactly matching the provided first reference character: mid-30s man with short gray hair and blue eyes visible in soft focus background, hands covered in thick black oil and grease with visible fingerprint whorls, wearing thick work gloves with torn fingertips exposing calloused skin, frantically tightening massive hexagonal bolts on giant mecha hydraulic piston, veins bulging from extreme force on forearms, precise robotic yet insanely repetitive movements repeating the exact same twist over and over like a broken loop, wearing yellow cargo overalls and gray shirt sleeves rolled up past elbows, black belt visible at waist, full protective gear including yellow hard hat with scratches and safety goggles fogged with sweat, sparks illuminating face with extreme manic twisted expression and clenched jaw, shallow depth of field with bokeh sparks in background, VFX: oil flying in extreme detail catching light, sparks particle effects with motion trails","tight close-up with micro handheld shake intensifying gradually, hands moving faster and faster in hypnotic repetition building to frantic pace, focus breathing between hands and face, with realistic SFX: metal bolt tightening clangs repeating in accelerating loop, heavy frantic breathing through dust mask, welding sparks hiss nearby, low possessed repetitive grunts synced to each twist, knuckle crack under strain, no background music, no BGM",油手疯狂特写
1,5,00:13-00:16,"authentic VHS found-footage still frame, hyper-realistic, extremely detailed photorealistic, heavy analog film grain, strong horizontal scanlines, color bleed, tracking jitter, slight motion blur, cinematic VFX: sparks with motion blur, oil flying in extreme detail, screen tearing at edges, light flares and bloom, particle effects, cool desaturated blue-gray industrial tones with orange accent lights and red warning glows, gritty dark realistic pseudo-documentary, oppressive eerie biomechanical horror atmosphere, inspired by Prototype game dark tone + Poppy Playtime creepy factory aesthetic, decaying anonymous bubble-economy metropolis, old camcorder footage, no Japanese cultural elements whatsoever, no text except neon signs, cinematic composition medium shot of enormous half-assembled mecha arm slowly lifting upward on hydraulic crane rig, dozens of workers exactly matching the provided first reference character (yellow cargo overalls, gray shirt, black belt and boots, full protective gear: yellow hard hats, safety goggles, thick gloves, dust masks, ear muffs, short gray hair, blue eyes) simultaneously looking up with wild manic glowing bloodshot eyes reflecting orange welding light, mouths slightly open in silent collective awe, performing the exact same upward gaze in perfect synchronized loop, dramatic orange backlight from welding stations behind them casting long shadows on floor, frozen moment of total insane worship, heavy film grain and slight vignette, VFX: orange backlight bloom with god-ray shafts through dust, collective eye glow reflection, subtle mouth tremor","slow upward tilt following the rising arm with sudden 0.8-second full freeze frame at peak, glitch artifact on freeze edge, then continue with slight jolt, with synchronized SFX: hydraulic lifting groan and pressurized hiss repeating in rhythm, collective sharp synchronized gasps turning into low unified repetitive moan, metal cable tension creaking, chain links clinking, no background music, no BGM",手臂抬起疯狂静帧
1,6,00:16-00:18,"authentic VHS found-footage still frame, hyper-realistic, extremely detailed photorealistic, heavy analog film grain, strong horizontal scanlines, color bleed, tracking jitter, slight motion blur, cinematic VFX: sparks with motion blur, oil flying in extreme detail, screen tearing at edges, light flares and bloom, particle effects, cool desaturated blue-gray industrial tones with orange accent lights and red warning glows, gritty dark realistic pseudo-documentary, oppressive eerie biomechanical horror atmosphere, inspired by Prototype game dark tone + Poppy Playtime creepy factory aesthetic, decaying anonymous bubble-economy metropolis, old camcorder footage, no Japanese cultural elements whatsoever, no text except neon signs, cinematic composition wide chaotic shot of the entire assembly line suddenly speeding up like a living organism losing control, workers exactly matching the provided first reference character (full protective gear) running in perfect unnatural sync to keep up with accelerating conveyor, faces twisted in ecstatic frenzy with sweat flying off, performing the exact same repetitive assembly motions in endless hypnotic loop at double speed, sparks exploding in chains along the line, overhead fluorescent lights strobing wildly between on and off, extreme motion blur on all moving parts and limbs, tools falling off tables, VFX: strobing light flicker creating strobe-frame effect, extreme motion blur, spark shower cascading","rapid acceleration pan tracking the speeding line with increasing camera shake and slight dutch angle, with realistic SFX: accelerating machinery roar building in pitch, sparks explosions popping in sequence, worker unified frantic repetitive shouts and heavy breathing in accelerating loop, alarm sirens starting with rising tone, tools clattering to floor, no background music, no BGM",加速疯狂
1,7,00:18-00:20,"authentic VHS found-footage still frame, hyper-realistic, extremely detailed photorealistic, heavy analog film grain, strong horizontal scanlines, color bleed, tracking jitter, slight motion blur, cinematic VFX: sparks with motion blur, oil flying in extreme detail, screen tearing at edges, light flares and bloom, particle effects, cool desaturated blue-gray industrial tones with orange accent lights and red warning glows, gritty dark realistic pseudo-documentary, oppressive eerie biomechanical horror atmosphere, inspired by Prototype game dark tone + Poppy Playtime creepy factory aesthetic, decaying anonymous bubble-economy metropolis, old camcorder footage, no Japanese cultural elements whatsoever, no text except neon signs, cinematic composition extreme overexposed wide shot of the factory hall overwhelmed by blinding white flash from electrical arc, screen tearing and VHS tracking loss at edges with horizontal band displacement, silhouette of giant mecha torso frame in center backlit by the flash, workers frozen mid-motion as silhouettes, final disaster hint, ceiling fixtures swinging, VFX: full screen tearing and overexposure bloom, horizontal band displacement, signal degradation to snow","sudden overexposure flash to white with heavy tracking errors and horizontal band roll, signal degrades to static snow then fade to black over 1 second, with synchronized SFX: electrical overload buzz building to sharp explosion boom, fluorescent tubes popping in sequence, VHS tape tear sound with magnetic warble, signal loss hiss fading to silence, no background music, no BGM",过曝淡出
2,1,00:00-00:02,"authentic VHS found-footage still frame, hyper-realistic, extremely detailed photorealistic, heavy analog film grain, strong horizontal scanlines, color bleed, tracking jitter, slight motion blur, cinematic VFX: sparks with motion blur, oil flying in extreme detail, screen tearing at edges, light flares and bloom, particle effects, cool desaturated blue-gray industrial tones with orange accent lights and red warning glows, gritty dark realistic pseudo-documentary, oppressive eerie biomechanical horror atmosphere, inspired by Prototype game dark tone + Poppy Playtime creepy factory aesthetic, decaying anonymous bubble-economy metropolis, old camcorder footage, no Japanese cultural elements whatsoever, no text except neon signs, cinematic composition black CRT monitor screen with flickering white Chinese characters ""第2盘 飞骨图书馆"" in retro digital font, strong VHS glitch distortion, horizontal scanlines rolling slowly, color bleed on edges, pure black background, static title card, bottom-right corner faint timecode overlay, VFX: heavy glitch distortion and tracking error, brief color bar flash at start","static shot with heavy VHS flickering, scanline rolling, title jitter for 2 seconds, brief color bar flash then title appears, with synchronized SFX: VHS static crackle, electronic glitch beeps and tape hiss, faint magnetic head engagement click, no background music, no BGM",标题卡
2,2,00:02-00:05,"authentic VHS found-footage still frame, hyper-realistic, extremely detailed photorealistic, heavy analog film grain, strong horizontal scanlines, color bleed, tracking jitter, slight motion blur, cinematic VFX: sparks with motion blur, oil flying in extreme detail, screen tearing at edges, light flares and bloom, particle effects, cool desaturated blue-gray industrial tones with orange accent lights and red warning glows, gritty dark realistic pseudo-documentary, oppressive eerie biomechanical horror atmosphere, inspired by Prototype game dark tone + Poppy Playtime creepy factory aesthetic, decaying anonymous bubble-economy metropolis, old camcorder footage, no Japanese cultural elements whatsoever, no text except neon signs, cinematic composition wide establishing shot of dim old library hall with endless towering dark wood bookshelves reaching vaulted ceiling, cold blue light from tall arched windows casting long shadows on worn wooden floor, visible dust motes floating in light shafts, brass reading lamps on long tables, slight low-angle handheld shake, foreground bookshelf edge creating depth frame, VFX: dust particle volumetric light shafts, slight lens flare from window","slow shaky handheld push-in through the entrance doorway, dust motes drifting through light beams, with realistic SFX: heavy wooden door creak opening, echoing footsteps on wooden floor, distant paper rustling from deep inside, faint ventilation hum, no background music, no BGM",大厅推进
2,3,00:05-00:10,"authentic VHS found-footage still frame, hyper-realistic, extremely detailed photorealistic, heavy analog film grain, strong horizontal scanlines, color bleed, tracking jitter, slight motion blur, cinematic VFX: sparks with motion blur, oil flying in extreme detail, screen tearing at edges, light flares and bloom, particle effects, cool desaturated blue-gray industrial tones with orange accent lights and red warning glows, gritty dark realistic pseudo-documentary, oppressive eerie biomechanical horror atmosphere, inspired by Prototype game dark tone + Poppy Playtime creepy factory aesthetic, decaying anonymous bubble-economy metropolis, old camcorder footage, no Japanese cultural elements whatsoever, no text except neon signs, cinematic composition chaotic crowd of civilians in vintage coats and worn suits frantically tearing books off shelves, stacking huge precarious piles on tables and floor, climbing wooden ladders that sway dangerously, loose pages and torn paper flying everywhere like confetti, overturned chairs, books scattered across floor, multiple overlapping figures creating visual chaos, cold overhead fluorescent mixed with window light, VFX: paper flying with motion blur trails, dust clouds from disturbed shelves","shaky handheld camera weaving through the madness at shoulder height, bumping into people, dust and paper flying past lens, with synchronized SFX: frantic paper tearing and crumpling in foreground, heavy books thudding on tables and floor, wooden ladder creaking, heavy breathing and urgent whispers overlapping, crowd murmurs building in intensity, shelf wood groaning under stress, no background music, no BGM",民众疯翻书
2,4,00:10-00:14,"authentic VHS found-footage still frame, hyper-realistic, extremely detailed photorealistic, heavy analog film grain, strong horizontal scanlines, color bleed, tracking jitter, slight motion blur, cinematic VFX: sparks with motion blur, oil flying in extreme detail, screen tearing at edges, light flares and bloom, particle effects, cool desaturated blue-gray industrial tones with orange accent lights and red warning glows, gritty dark realistic pseudo-documentary, oppressive eerie biomechanical horror atmosphere, inspired by Prototype game dark tone + Poppy Playtime creepy factory aesthetic, decaying anonymous bubble-economy metropolis, old camcorder footage, no Japanese cultural elements whatsoever, no text except neon signs, cinematic composition medium shot of middle-aged man in rumpled coat burying his face into a mountain of open books stacked three layers deep, frantically flipping pages with both hands simultaneously, paper dust and tiny fragments covering his graying hair and hunched shoulders, reading glasses askew on nose, sweat on temples, brass desk lamp casting harsh side light creating deep eye socket shadows, surrounding table completely buried under books with sticky notes protruding, VFX: dust particles catching lamplight, page flutter motion blur","follow shot slowly circling the man at table level, his hands moving faster with increasing desperation, slight focus pull between hands and face, with realistic SFX: rapid page flipping rustle accelerating, muffled heavy breathing into book spines, paper dust whoosh when pages fan, desk lamp buzzing, occasional frustrated grunt, no background music, no BGM",埋书堆
2,5,00:14-00:17,"authentic VHS found-footage still frame, hyper-realistic, extremely detailed photorealistic, heavy analog film grain, strong horizontal scanlines, color bleed, tracking jitter, slight motion blur, cinematic VFX: sparks with motion blur, oil flying in extreme detail, screen tearing at edges, light flares and bloom, particle effects, cool desaturated blue-gray industrial tones with orange accent lights and red warning glows, gritty dark realistic pseudo-documentary, oppressive eerie biomechanical horror atmosphere, inspired by Prototype game dark tone + Poppy Playtime creepy factory aesthetic, decaying anonymous bubble-economy metropolis, old camcorder footage, no Japanese cultural elements whatsoever, no text except neon signs, cinematic composition extreme macro close-up of trembling aged fingers with ink stains flipping through ancient yellowed book pages filled with cryptic geometric symbols and engineering-style diagrams in faded ink, paper fiber texture in extreme detail, visible foxing spots and age discoloration, cold blue window light from upper left creating sharp page shadow, frozen 0.6-second moment with finger mid-turn, page edge slightly curled, VFX: frozen frame with subtle VHS glitch artifact on edges, dust mote frozen in air","slow zoom into the page surface with sudden freeze frame at 0.6 seconds, slight glitch stutter on freeze, with synchronized SFX: paper page flip rustle stopping abruptly, finger pad on paper texture, distant crowd noise fading to near silence during freeze, faint heartbeat pulse during frozen moment, no background music, no BGM",手指翻页静帧
2,6,00:17-00:20,"authentic VHS found-footage still frame, hyper-realistic, extremely detailed photorealistic, heavy analog film grain, strong horizontal scanlines, color bleed, tracking jitter, slight motion blur, cinematic VFX: sparks with motion blur, oil flying in extreme detail, screen tearing at edges, light flares and bloom, particle effects, cool desaturated blue-gray industrial tones with orange accent lights and red warning glows, gritty dark realistic pseudo-documentary, oppressive eerie biomechanical horror atmosphere, inspired by Prototype game dark tone + Poppy Playtime creepy factory aesthetic, decaying anonymous bubble-economy metropolis, old camcorder footage, no Japanese cultural elements whatsoever, no text except neon signs, cinematic composition high angle wide shot from ceiling level of entire library transformed into a sea of books covering every surface, tiny human figures crawling and wading between towering unstable piles, some collapsed shelves leaning at angles, overhead lights dimming and flickering in sections creating moving shadow zones, paper still drifting down like snow, exit signs barely visible through the chaos, VFX: dimming light bloom with flicker zones, paper snow drift, slight vignette darkening at edges","slow crane up and pull back with increasing shake as if camera mount is unstable, lights dimming in waves across the space, with realistic SFX: paper avalanche rustle and cascade, crawling scrapes on wooden floor, collective frantic breathing echoing in large space, fluorescent lights humming then flickering with electrical tick, distant shelf collapse crash, no background music, no BGM",书海俯拍拉远
3,1,00:00-00:02,"authentic VHS found-footage still frame, hyper-realistic, extremely detailed photorealistic, heavy analog film grain, strong horizontal scanlines, color bleed, tracking jitter, slight motion blur, cinematic VFX: sparks with motion blur, oil flying in extreme detail, screen tearing at edges, light flares and bloom, particle effects, cool desaturated blue-gray industrial tones with orange accent lights and red warning glows, gritty dark realistic pseudo-documentary, oppressive eerie biomechanical horror atmosphere, inspired by Prototype game dark tone + Poppy Playtime creepy factory aesthetic, decaying anonymous bubble-economy metropolis, old camcorder footage, no Japanese cultural elements whatsoever, no text except neon signs, cinematic composition black CRT monitor screen with flickering white Chinese characters ""第3盘 美术馆"" in retro digital font, strong VHS glitch distortion, horizontal scanlines rolling slowly, color bleed on edges, pure black background, static title card, bottom-right corner faint timecode overlay, VFX: heavy glitch distortion and tracking error, brief color bar flash at start","static VHS title jitter with brief color bar flash, with synchronized SFX: VHS crackle, magnetic head click, tape hiss, no background music, no BGM",标题卡
3,2,00:02-00:06,"authentic VHS found-footage still frame, hyper-realistic, extremely detailed photorealistic, heavy analog film grain, strong horizontal scanlines, color bleed, tracking jitter, slight motion blur, cinematic VFX: sparks with motion blur, oil flying in extreme detail, screen tearing at edges, light flares and bloom, particle effects, cool desaturated blue-gray industrial tones with orange accent lights and red warning glows, gritty dark realistic pseudo-documentary, oppressive eerie biomechanical horror atmosphere, inspired by Prototype game dark tone + Poppy Playtime creepy factory aesthetic, decaying anonymous bubble-economy metropolis, old camcorder footage, no Japanese cultural elements whatsoever, no text except neon signs, cinematic composition wide slow pan of empty white museum hall with polished marble floor reflecting ceiling lights, giant abstract paintings on walls each featuring the exact official mecha logo from the provided reference image: bold high-contrast black geometric symbol with multiple concentric nested upward-pointing triangles creating layered black and white stripes encircled by two thick curved black arcs on left and right forming a partial circle with sharp clean lines and symmetrical minimalist mechanical design, paintings in heavy gilded frames with museum lighting spots creating dramatic pools of light, velvet rope barriers in front of paintings, empty wooden benches, VFX: dramatic spotlight flares with dust motes in beams, marble floor reflection of paintings","slow steady pan across the hall from left to right, spotlight beams slowly shifting, with realistic SFX: echoing footsteps of unseen person in distance, faint air conditioning hum, slight marble floor echo resonance, museum silence ambiance, no background music, no BGM",大厅摇镜
3,3,00:06-00:11,"authentic VHS found-footage still frame, hyper-realistic, extremely detailed photorealistic, heavy analog film grain, strong horizontal scanlines, color bleed, tracking jitter, slight motion blur, cinematic VFX: sparks with motion blur, oil flying in extreme detail, screen tearing at edges, light flares and bloom, particle effects, cool desaturated blue-gray industrial tones with orange accent lights and red warning glows, gritty dark realistic pseudo-documentary, oppressive eerie biomechanical horror atmosphere, inspired by Prototype game dark tone + Poppy Playtime creepy factory aesthetic, decaying anonymous bubble-economy metropolis, old camcorder footage, no Japanese cultural elements whatsoever, no text except neon signs, cinematic composition crowd of people in vintage coats and formal attire staring at paintings featuring the exact official mecha logo from the provided reference image: bold high-contrast black geometric symbol with multiple concentric nested upward-pointing triangles creating layered black and white stripes encircled by two thick curved black arcs on left and right forming a partial circle with sharp clean lines and symmetrical minimalist mechanical design, some kneeling on marble floor with hands pressed together, some pressing palms against protective glass leaving smudge prints, tears streaming down faces with mascara running, elderly man clutching chest, young woman covering mouth with trembling hand, VFX: tear droplets catching spotlight with micro-refraction detail, glass smudge prints visible","handheld tracking shot weaving through the crowd at eye level, passing between kneeling and standing figures, with synchronized SFX: soft sobs and choked gasps in foreground, shoe squeaks and shuffles on marble, fabric rustle from coats, distant security guard radio crackle, glass tapping from fingers, no background music, no BGM",民众跪地
3,4,00:11-00:15,"authentic VHS found-footage still frame, hyper-realistic, extremely detailed photorealistic, heavy analog film grain, strong horizontal scanlines, color bleed, tracking jitter, slight motion blur, cinematic VFX: sparks with motion blur, oil flying in extreme detail, screen tearing at edges, light flares and bloom, particle effects, cool desaturated blue-gray industrial tones with orange accent lights and red warning glows, gritty dark realistic pseudo-documentary, oppressive eerie biomechanical horror atmosphere, inspired by Prototype game dark tone + Poppy Playtime creepy factory aesthetic, decaying anonymous bubble-economy metropolis, old camcorder footage, no Japanese cultural elements whatsoever, no text except neon signs, cinematic composition extreme detail close-up on giant abstract painting surface showing the exact official mecha logo from the provided reference image: bold high-contrast black geometric symbol with multiple concentric nested upward-pointing triangles creating layered black and white stripes encircled by two thick curved black arcs on left and right forming a partial circle with sharp clean lines and symmetrical minimalist mechanical design, visible oil paint brushstroke texture and canvas weave grain, dramatic single spotlight from above creating sharp shadow beneath frame edge, slight dust on frame gilding, VFX: light bloom intensifying on logo center, subtle paint surface shimmer","slow deliberate push-in toward the logo center, light bloom gradually intensifying as camera approaches, with realistic SFX: deep resonant low-frequency hum emanating from painting growing louder, synchronized breathing from off-screen crowd, spotlight electrical buzz, no background music, no BGM",LOGO特写推进
3,5,00:15-00:17,"authentic VHS found-footage still frame, hyper-realistic, extremely detailed photorealistic, heavy analog film grain, strong horizontal scanlines, color bleed, tracking jitter, slight motion blur, cinematic VFX: sparks with motion blur, oil flying in extreme detail, screen tearing at edges, light flares and bloom, particle effects, cool desaturated blue-gray industrial tones with orange accent lights and red warning glows, gritty dark realistic pseudo-documentary, oppressive eerie biomechanical horror atmosphere, inspired by Prototype game dark tone + Poppy Playtime creepy factory aesthetic, decaying anonymous bubble-economy metropolis, old camcorder footage, no Japanese cultural elements whatsoever, no text except neon signs, cinematic composition medium shot of elegant woman in dark formal coat staring upward with slightly parted lips, her dilated pupils perfectly reflecting the exact official mecha logo shape from the provided reference image as a bright geometric reflection, single tear rolling down left cheek catching spotlight, pearl earring visible, hair slightly disheveled, frozen 1-second frame with VHS tracking artifact at bottom edge, VFX: eye reflection glow of logo shape with caustic light pattern, freeze frame with edge glitch artifact","slow zoom into her face with sudden full freeze frame at 1 second, slight VHS tracking band rolls through during freeze, with synchronized SFX: single tear drop impact sound on collar fabric, deep heartbeat pulse twice, crowd noise completely cuts to silence during freeze, faint electrical hum, no background music, no BGM",女士仰望静帧
3,6,00:17-00:20,"authentic VHS found-footage still frame, hyper-realistic, extremely detailed photorealistic, heavy analog film grain, strong horizontal scanlines, color bleed, tracking jitter, slight motion blur, cinematic VFX: sparks with motion blur, oil flying in extreme detail, screen tearing at edges, light flares and bloom, particle effects, cool desaturated blue-gray industrial tones with orange accent lights and red warning glows, gritty dark realistic pseudo-documentary, oppressive eerie biomechanical horror atmosphere, inspired by Prototype game dark tone + Poppy Playtime creepy factory aesthetic, decaying anonymous bubble-economy metropolis, old camcorder footage, no Japanese cultural elements whatsoever, no text except neon signs, cinematic composition all visitors simultaneously tilting heads upward in perfect unison, the mecha logo symbol in painting (the exact official logo from the provided reference image) starting to emit bright white light flare from its center spreading outward, light reflecting off every upturned face and wet eyes, VHS noise bands increasing across frame, painting frame casting dramatic shadow on wall as light intensifies, VFX: logo center light bloom expanding outward, progressive VHS noise bands multiplying, color bleed intensifying at frame edges","collective synchronized head tilt upward in unison, light bloom expanding from painting, VHS noise increasing progressively, fade with heavy glitch to next tape, with realistic SFX: collective sharp gasp in unison, glowing electrical hum intensifying from low to high pitch, VHS distortion crackle building, magnetic warble, no background music, no BGM",集体抬头发光
4,1,00:00-00:02,"authentic VHS found-footage still frame, hyper-realistic, extremely detailed photorealistic, heavy analog film grain, strong horizontal scanlines, color bleed, tracking jitter, slight motion blur, cinematic VFX: sparks with motion blur, oil flying in extreme detail, screen tearing at edges, light flares and bloom, particle effects, cool desaturated blue-gray industrial tones with orange accent lights and red warning glows, gritty dark realistic pseudo-documentary, oppressive eerie biomechanical horror atmosphere, inspired by Prototype game dark tone + Poppy Playtime creepy factory aesthetic, decaying anonymous bubble-economy metropolis, old camcorder footage, no Japanese cultural elements whatsoever, no text except neon signs, cinematic composition black CRT monitor screen with flickering white Chinese characters ""第4盘 狂悼街区"" in retro digital font, strong VHS glitch distortion, horizontal scanlines rolling slowly, color bleed on edges, pure black background, static title card, bottom-right corner faint timecode overlay, VFX: heavy glitch distortion and tracking error, brief color bar flash at start","static title jitter with color bar flash, with synchronized SFX: VHS crackle, distant crowd murmur bleeding through from next scene, magnetic head click, no background music, no BGM",标题卡
4,2,00:02-00:05,"authentic VHS found-footage still frame, hyper-realistic, extremely detailed photorealistic, heavy analog film grain, strong horizontal scanlines, color bleed, tracking jitter, slight motion blur, cinematic VFX: sparks with motion blur, oil flying in extreme detail, screen tearing at edges, light flares and bloom, particle effects, cool desaturated blue-gray industrial tones with orange accent lights and red warning glows, gritty dark realistic pseudo-documentary, oppressive eerie biomechanical horror atmosphere, inspired by Prototype game dark tone + Poppy Playtime creepy factory aesthetic, decaying anonymous bubble-economy metropolis, old camcorder footage, no Japanese cultural elements whatsoever, no text except neon signs, cinematic composition wide night street establishing shot of makeshift concert stage built from industrial scaffolding and plywood, lighting truss with par cans and moving heads, tall speaker stacks on both sides, dense crowd packed shoulder to shoulder extending into darkness, surrounding building facades covered in flickering neon signs with fictional glyphs and graphic logos in orange cyan and pink, wet street reflecting all neon colors, vintage rock band setup on stage with drum kit and amp stacks, slight handheld sway from crowd pressure, VFX: neon bloom with color spill on wet pavement, crowd silhouette depth layers","shaky handheld establishing shot swaying with crowd pressure, neon reflections shimmering on wet street, with realistic SFX: crowd cheers and sharp whistles, neon sign electrical buzz and flicker, bass drum thump felt more than heard, distant feedback squeal, wet footsteps, no background music, no BGM",舞台全景
4,3,00:05-00:11,"authentic VHS found-footage still frame, hyper-realistic, extremely detailed photorealistic, heavy analog film grain, strong horizontal scanlines, color bleed, tracking jitter, slight motion blur, cinematic VFX: sparks with motion blur, oil flying in extreme detail, screen tearing at edges, light flares and bloom, particle effects, cool desaturated blue-gray industrial tones with orange accent lights and red warning glows, gritty dark realistic pseudo-documentary, oppressive eerie biomechanical horror atmosphere, inspired by Prototype game dark tone + Poppy Playtime creepy factory aesthetic, decaying anonymous bubble-economy metropolis, old camcorder footage, no Japanese cultural elements whatsoever, no text except neon signs, cinematic composition medium shot of rock singer in disheveled dark suit with loosened tie and sweat-soaked white shirt clinging to chest, screaming into dented vintage chrome microphone with veins visible on neck, sweat droplets flying off jaw and hair in slow motion, harsh red stage light from side creating half-face shadow, monitor wedge speaker visible at feet, guitar cable snaking across stage floor, eyes squeezed shut with intense expression, VFX: sweat droplets with individual motion blur trails catching red light, red light flare and lens bloom","energetic follow shot tracking singer across stage, sweat trails in slow motion arcs, red light sweeping, with synchronized SFX: powerful raw vocal screams with natural distortion and microphone proximity effect, microphone feedback squeal, sweat splatter on mic grille, crowd roar surging in waves, stage monitor bleed, no background music, no BGM",歌手声嘶力竭
4,4,00:11-00:15,"authentic VHS found-footage still frame, hyper-realistic, extremely detailed photorealistic, heavy analog film grain, strong horizontal scanlines, color bleed, tracking jitter, slight motion blur, cinematic VFX: sparks with motion blur, oil flying in extreme detail, screen tearing at edges, light flares and bloom, particle effects, cool desaturated blue-gray industrial tones with orange accent lights and red warning glows, gritty dark realistic pseudo-documentary, oppressive eerie biomechanical horror atmosphere, inspired by Prototype game dark tone + Poppy Playtime creepy factory aesthetic, decaying anonymous bubble-economy metropolis, old camcorder footage, no Japanese cultural elements whatsoever, no text except neon signs, cinematic composition rapid montage of extreme close-ups: audience member screaming with mouth wide open and tears streaming, another clutching vintage flip phone held high recording with tiny screen glowing, hands pushing against security barrier bending metal, fingers gripping chain-link fence white-knuckled, mascara-streaked face pressed against another person's shoulder, crowd surge compressing bodies together, stage lights reflecting in hundreds of eyes, VFX: motion blur on all reaching hands, phone screen glow bloom, sweat and tear micro-detail","quick cut montage with aggressive handheld shake, each cut 0.5-0.8 seconds, increasing pace, with realistic SFX: high-pitched screams layered and overlapping, vintage phone camera shutter clicks, metal barrier creaking under pressure, body impact thuds from crowd surge, fabric tearing, no background music, no BGM",观众尖叫
4,5,00:15-00:18,"authentic VHS found-footage still frame, hyper-realistic, extremely detailed photorealistic, heavy analog film grain, strong horizontal scanlines, color bleed, tracking jitter, slight motion blur, cinematic VFX: sparks with motion blur, oil flying in extreme detail, screen tearing at edges, light flares and bloom, particle effects, cool desaturated blue-gray industrial tones with orange accent lights and red warning glows, gritty dark realistic pseudo-documentary, oppressive eerie biomechanical horror atmosphere, inspired by Prototype game dark tone + Poppy Playtime creepy factory aesthetic, decaying anonymous bubble-economy metropolis, old camcorder footage, no Japanese cultural elements whatsoever, no text except neon signs, cinematic composition extreme close-up of singer hitting impossible high note, neck tendons straining like cables, face flushed deep red with visible capillaries, sweat streaming down temples and dripping off chin, eyes squeezed shut then suddenly snapping open with bloodshot intensity, frozen 0.7-second frame at peak strain with mouth wide open and visible breath vapor, stage light creating rim light on sweat beads, VFX: sweat streaming detail with individual droplet trails, freeze frame with subtle VHS edge artifact, breath vapor catching light","slow push-in building tension then sudden full freeze frame at 0.7 seconds on the scream peak, slight VHS band rolls through frozen image, with synchronized SFX: strained high vocal note sustaining then cutting to silence on freeze, single sweat drop impact, crowd collective gasp during freeze, faint ringing tone, no background music, no BGM",高音静帧
4,6,00:18-00:20,"authentic VHS found-footage still frame, hyper-realistic, extremely detailed photorealistic, heavy analog film grain, strong horizontal scanlines, color bleed, tracking jitter, slight motion blur, cinematic VFX: sparks with motion blur, oil flying in extreme detail, screen tearing at edges, light flares and bloom, particle effects, cool desaturated blue-gray industrial tones with orange accent lights and red warning glows, gritty dark realistic pseudo-documentary, oppressive eerie biomechanical horror atmosphere, inspired by Prototype game dark tone + Poppy Playtime creepy factory aesthetic, decaying anonymous bubble-economy metropolis, old camcorder footage, no Japanese cultural elements whatsoever, no text except neon signs, cinematic composition wide chaotic shot of entire crowd at absolute peak frenzy from elevated rear angle, all lights strobing in rapid alternation between red blue and white, singer center stage with arms spread wide like a cruciform silhouette against blinding backlight, crowd hands all raised creating forest of arms, confetti or debris floating in light beams, speaker stacks vibrating visibly, VFX: strobing multi-color flicker creating strobe-frame effect, backlight bloom on singer silhouette, visible speaker vibration blur","rapid camera shake pan pulling back from stage to reveal full crowd scale, strobing intensifies, with realistic SFX: massive crowd roar and unified screams reaching peak volume, light strobe electrical buzz rapid-fire, singer final sustained vocal peak with distortion, speaker cone distortion crackle, then abrupt cut to black with tape tear, no background music, no BGM",全场高潮抖动
5,1,00:00-00:02,"authentic VHS found-footage still frame, hyper-realistic, extremely detailed photorealistic, heavy analog film grain, strong horizontal scanlines, color bleed, tracking jitter, slight motion blur, cinematic VFX: sparks with motion blur, oil flying in extreme detail, screen tearing at edges, light flares and bloom, particle effects, cool desaturated blue-gray industrial tones with orange accent lights and red warning glows, gritty dark realistic pseudo-documentary, oppressive eerie biomechanical horror atmosphere, inspired by Prototype game dark tone + Poppy Playtime creepy factory aesthetic, decaying anonymous bubble-economy metropolis, old camcorder footage, no Japanese cultural elements whatsoever, no text except neon signs, cinematic composition black CRT monitor screen with flickering white Chinese characters ""第5盘 最终录像带"" in retro digital font, strong VHS glitch distortion more severe than previous tapes, horizontal scanlines rolling faster, heavy color bleed on edges, pure black background, static title card, bottom-right timecode flickering erratically, VFX: heavy glitch distortion and tracking error, multiple color bar flash interruptions, signal instability","static title with heavy glitch more intense than previous tapes, multiple signal interruptions, with synchronized SFX: intense VHS crackle and urgent warning beep pattern, tape mechanism straining sound, magnetic warble, no background music, no BGM",标题卡
5,2,00:02-00:06,"authentic VHS found-footage still frame, hyper-realistic, extremely detailed photorealistic, heavy analog film grain, strong horizontal scanlines, color bleed, tracking jitter, slight motion blur, cinematic VFX: sparks with motion blur, oil flying in extreme detail, screen tearing at edges, light flares and bloom, particle effects, cool desaturated blue-gray industrial tones with orange accent lights and red warning glows, gritty dark realistic pseudo-documentary, oppressive eerie biomechanical horror atmosphere, inspired by Prototype game dark tone + Poppy Playtime creepy factory aesthetic, decaying anonymous bubble-economy metropolis, old camcorder footage, no Japanese cultural elements whatsoever, no text except neon signs, cinematic composition wide shot of huge dark cavernous test hall with industrial ceiling trusses disappearing into darkness above, massive mecha prototype exactly matching the provided reference images standing center frame: dark gray and red heavy bipedal industrial mecha with glowing bright blue energy core in chest cavity, red shoulder armor plates with riveted edges, intricate exposed mechanical joints and bundled hydraulic cables at elbows and knees, heavy clawed digitigrade legs with armored shin plates, standing restrained by thick industrial chains and surrounded by steel scaffolding with access platforms, rotating red warning beacon lights on scaffolding corners casting sweeping red shadows, control cables running from mecha to floor junction boxes, VFX: red warning light strobe sweeping across scene, blue chest core steady glow with subtle pulse, chain tension glint","slow push-in with handheld shake from entrance doorway toward the mecha, red warning lights sweeping across frame rhythmically, with realistic SFX: red warning alarm siren cycling in slow rhythm, distant heavy machinery hum and transformer buzz, chain tension creaking, ventilation fan drone from above, footsteps of camera operator echoing in vast space, no background music, no BGM",试验大厅
5,3,00:06-00:10,"authentic VHS found-footage still frame, hyper-realistic, extremely detailed photorealistic, heavy analog film grain, strong horizontal scanlines, color bleed, tracking jitter, slight motion blur, cinematic VFX: sparks with motion blur, oil flying in extreme detail, screen tearing at edges, light flares and bloom, particle effects, cool desaturated blue-gray industrial tones with orange accent lights and red warning glows, gritty dark realistic pseudo-documentary, oppressive eerie biomechanical horror atmosphere, inspired by Prototype game dark tone + Poppy Playtime creepy factory aesthetic, decaying anonymous bubble-economy metropolis, old camcorder footage, no Japanese cultural elements whatsoever, no text except neon signs, cinematic composition quick cut montage: close-up of control room operator hand in white glove hovering then pressing large red mushroom-head emergency start button on gray metal console, cut to mecha chest core exactly matching the provided reference images suddenly flaring from dim blue to blinding bright blue, cut to mechanical joints at knee and elbow simultaneously crackling with blue energy arcs traveling along hydraulic lines, cut to chain links going taut and vibrating, blue energy veins spreading across mecha torso like a circulatory system activating, VFX: blue energy glow flare intensifying, electrical arc crawling along metal surfaces, chain vibration blur","quick cut montage with 0.5-second cuts accelerating, each cut punctuated by blue flash, with synchronized SFX: heavy button mechanical click with electrical relay engage, electrical surge zap building in intensity, core powering hum rising from subsonic to audible, chain links snapping taut with metallic ping, hydraulic pressurization hiss, no background music, no BGM",启动按钮
5,4,00:10-00:14,"authentic VHS found-footage still frame, hyper-realistic, extremely detailed photorealistic, heavy analog film grain, strong horizontal scanlines, color bleed, tracking jitter, slight motion blur, cinematic VFX: sparks with motion blur, oil flying in extreme detail, screen tearing at edges, light flares and bloom, particle effects, cool desaturated blue-gray industrial tones with orange accent lights and red warning glows, gritty dark realistic pseudo-documentary, oppressive eerie biomechanical horror atmosphere, inspired by Prototype game dark tone + Poppy Playtime creepy factory aesthetic, decaying anonymous bubble-economy metropolis, old camcorder footage, no Japanese cultural elements whatsoever, no text except neon signs, cinematic composition medium shot of mecha exactly matching the provided reference images starting to tremble violently against its restraints, hydraulic pipes at joints bursting with pressurized fluid spraying in arcs catching blue core light, bright welding-intensity sparks showering from stressed chain anchor points, blue chest core pulsing faster and brighter with each tremor, scaffolding platforms shaking with bolts popping loose, floor cracking beneath clawed feet, personnel in hard hats running past camera in foreground blur, VFX: hydraulic fluid spray arcs catching blue light, spark shower cascading from chain points, blue core pulse rhythm accelerating, floor crack propagation","intense camera shake and vibration matching mecha tremor frequency, slight dutch angle increasing, with realistic SFX: violent metal tremor and structural groaning, hydraulic pipe burst with pressurized fluid whoosh and spray hiss, sparks crackle and shower, blue core pulsing hum accelerating like heartbeat, scaffolding bolt pops, running footsteps and shouted warnings in background, no background music, no BGM",颤抖爆裂
5,5,00:14-00:17,"authentic VHS found-footage still frame, hyper-realistic, extremely detailed photorealistic, heavy analog film grain, strong horizontal scanlines, color bleed, tracking jitter, slight motion blur, cinematic VFX: sparks with motion blur, oil flying in extreme detail, screen tearing at edges, light flares and bloom, particle effects, cool desaturated blue-gray industrial tones with orange accent lights and red warning glows, gritty dark realistic pseudo-documentary, oppressive eerie biomechanical horror atmosphere, inspired by Prototype game dark tone + Poppy Playtime creepy factory aesthetic, decaying anonymous bubble-economy metropolis, old camcorder footage, no Japanese cultural elements whatsoever, no text except neon signs, cinematic composition terrifying extreme close-up of mecha head exactly matching the provided reference images, single glowing bright blue camera-like optical lens in center of angular armored head staring directly at viewer with cold mechanical intelligence, lens iris contracting slowly, dark hydraulic fluid dripping down face plate from cracked armor seam, scratches and battle damage texture on gray metal surface, frozen 1-second frame of deadly unblinking eye contact, slight condensation vapor around head from heat differential, VFX: blue lens glow with internal focusing ring detail, freeze frame with progressive VHS glitch artifacts building from edges inward, fluid drip catching blue light","slow deliberate zoom into the eye lens with sudden full freeze frame at 1 second, VHS artifacts progressively corrupting the frozen image from edges inward, with synchronized SFX: mechanical servo whir of lens focusing, fluid drip with metallic echo, deep resonant subsonic hum building during freeze, all other sound cutting to dead silence, faint electrical crackle, no background music, no BGM",头部直视静帧
5,6,00:17-00:19,"authentic VHS found-footage still frame, hyper-realistic, extremely detailed photorealistic, heavy analog film grain, strong horizontal scanlines, color bleed, tracking jitter, slight motion blur, cinematic VFX: sparks with motion blur, oil flying in extreme detail, screen tearing at edges, light flares and bloom, particle effects, cool desaturated blue-gray industrial tones with orange accent lights and red warning glows, gritty dark realistic pseudo-documentary, oppressive eerie biomechanical horror atmosphere, inspired by Prototype game dark tone + Poppy Playtime creepy factory aesthetic, decaying anonymous bubble-economy metropolis, old camcorder footage, no Japanese cultural elements whatsoever, no text except neon signs, cinematic composition chaotic wide shot of catastrophic explosion erupting from mecha position, expanding fireball with realistic orange-white core and dark smoke mushroom, steel debris and scaffolding fragments flying outward in all directions with motion trails, personnel silhouettes thrown and running in foreground, mecha exactly matching the provided reference images barely visible through fire and smoke in center, ceiling panels falling, emergency lights activating through smoke, VFX: fireball expansion with volumetric smoke, debris with individual motion blur trails, emergency light strobe through smoke layers","rapid multi-angle cuts with extreme shake: wide explosion then debris close-up then running personnel then back to fireball, each cut more unstable, with realistic SFX: massive deep explosion boom with subsonic pressure wave, secondary explosions popping, fire whoosh and roar, metal debris impacts on concrete with varied pitches, panicked screams and running footsteps overlapping, emergency alarm activating, no background music, no BGM",爆炸灾难
5,7,00:19-00:20,"authentic VHS found-footage still frame, hyper-realistic, extremely detailed photorealistic, heavy analog film grain, strong horizontal scanlines, color bleed, tracking jitter, slight motion blur, cinematic VFX: sparks with motion blur, oil flying in extreme detail, screen tearing at edges, light flares and bloom, particle effects, cool desaturated blue-gray industrial tones with orange accent lights and red warning glows, gritty dark realistic pseudo-documentary, oppressive eerie biomechanical horror atmosphere, inspired by Prototype game dark tone + Poppy Playtime creepy factory aesthetic, decaying anonymous bubble-economy metropolis, old camcorder footage, no Japanese cultural elements whatsoever, no text except neon signs, cinematic composition extreme overexposed tearing screen with full horizontal band displacement and color channel separation, final frame before black showing ghostly silhouette of the mecha exactly matching the provided reference images standing motionless in the inferno with blue core still glowing through smoke and fire, image progressively consumed by VHS tracking loss from bottom upward, signal degrading to static snow, VFX: full screen tearing with RGB channel separation, overexposure bloom consuming frame, progressive signal loss to snow pattern","overexposure flash with RGB separation then progressive signal loss from bottom up, image consumed by static snow, final cut to absolute black silence, with synchronized SFX: final explosion tail rumbling, VHS tape mechanism straining and tearing, magnetic signal warble descending in pitch, static hiss building then abrupt dead silence for 0.5 seconds, no background music, no BGM",黑屏结束
